Workbook
Name metatypes: Lists!$A$1:$A$6
Name npc_types: Lists!$B$1:$B$7
Name status: Lists!$C$1:$C$6
Name run_status: Lists!$D$1:$D$5
Name faction_type: Lists!$E$1:$E$6
Name relationship: Lists!$F$1:$F$5
Name security: Lists!$G$1:$G$4
Name location_status: Lists!$H$1:$H$5
Name loot_status: Lists!$I$1:$I$5

Sheet Instructions
A1: Shadowrun 3rd Edition Campaign Workbook Template
A3: What this workbook is for | B3: Use this as the Excel half of your OneNote + Excel campaign system. Enter or update data after each session; your character sheet totals update automatically.
A5: Recommended workflow | B5: 1) Run the session in OneNote. 2) After the session, add one row to Session_Log. 3) Add any karma, heat, nuyen, gear, contacts, or faction changes in the log sheets. 4) Review the Characters sheet for updated totals.
A7: Input vs formulas | B7: Blue text cells are meant for your entries. Formula columns are already set up and should usually be left alone.
A9: Suggested OneNote links | B9: Use the OneNote Page Link column on Session_Log, Runs, Locations, and NPC_Contacts to paste direct links back to your notebook pages.
A11: Built-in sheets | B11: Characters, Session_Log, Runs, NPC_Contacts, Factions, Locations, Karma_Log, Heat_Log, Nuyen_Log, Gear_Loot.
A15: Quick start
A16: - 1. Add your player characters on the Characters sheet.
A17: - 2. Log each session on Session_Log.
A18: - 3. Add karma changes on Karma_Log, notoriety/street cred changes on Heat_Log, and money changes on Nuyen_Log.
A19: - 4. Track recurring NPCs, factions, runs, and locations on their dedicated sheets.

Sheet Characters
A1: Player Character Summary
A3: Character | B3: Player | C3: Metatype | D3: Role | E3: Home Base | F3: Starting Nuyen | G3: Karma Earned | H3: Karma Spent | I3: Current Karma | J3: Street Cred | K3: Notoriety | L3: Public Awareness | M3: Nuyen Net | N3: Current Nuyen
A4: Red | B4: Red (Unknown) | C4: Human | D4: Fixer / Bar Owner / Former Operator | E4: High-threat operator, Siberian Wolf owner, combat-capable and network hub (Edged Weapons 3 added) | F4: 0 | G4: =IF($A4="","",SUMIF(Karma_Log!$A$4:$A$200,$A4,Karma_Log!$C$4:$C$200)) | H4: =IF($A4="","",SUMIF(Karma_Log!$A$4:$A$200,$A4,Karma_Log!$D$4:$D$200)) | I4: =IF($A4="","",$G4-$H4) | J4: =IF($A4="","",SUMIF(Heat_Log!$A$4:$A$200,$A4,Heat_Log!$C$4:$C$200)) | K4: =IF($A4="","",SUMIF(Heat_Log!$A$4:$A$200,$A4,Heat_Log!$D$4:$D$200)) | L4: =IF($A4="","",SUMIF(Heat_Log!$A$4:$A$200,$A4,Heat_Log!$E$4:$E$200)) | M4: =IF($A4="","",SUMIF(Nuyen_Log!$A$4:$A$200,$A4,Nuyen_Log!$D$4:$D$200)) | N4: =IF($A4="","",$F4+$M4)
A5: Switch | C5: Human | D5: Ex-Lone Star / Street Operator | E5: Siberian Wolf | F5: 0 | G5: =IF($A5="","",SUMIF(Karma_Log!$A$4:$A$200,$A5,Karma_Log!$C$4:$C$200)) | H5: =IF($A5="","",SUMIF(Karma_Log!$A$4:$A$200,$A5,Karma_Log!$D$4:$D$200)) | I5: =IF($A5="","",$G5-$H5) | J5: =IF($A5="","",SUMIF(Heat_Log!$A$4:$A$200,$A5,Heat_Log!$C$4:$C$200)) | K5: =IF($A5="","",SUMIF(Heat_Log!$A$4:$A$200,$A5,Heat_Log!$D$4:$D$200)) | L5: =IF($A5="","",SUMIF(Heat_Log!$A$4:$A$200,$A5,Heat_Log!$E$4:$E$200)) | M5: =IF($A5="","",SUMIF(Nuyen_Log!$A$4:$A$200,$A5,Nuyen_Log!$D$4:$D$200)) | N5: =IF($A5="","",$F5+$M5)
A6: Kilmer | C6: Elf (UGE) | D6: Gunslinger / Face | E6: Siberian Wolf | F6: 0 | G6: =IF($A6="","",SUMIF(Karma_Log!$A$4:$A$200,$A6,Karma_Log!$C$4:$C$200)) | H6: =IF($A6="","",SUMIF(Karma_Log!$A$4:$A$200,$A6,Karma_Log!$D$4:$D$200)) | I6: =IF($A6="","",$G6-$H6) | J6: =IF($A6="","",SUMIF(Heat_Log!$A$4:$A$200,$A6,Heat_Log!$C$4:$C$200)) | K6: =IF($A6="","",SUMIF(Heat_Log!$A$4:$A$200,$A6,Heat_Log!$D$4:$D$200)) | L6: =IF($A6="","",SUMIF(Heat_Log!$A$4:$A$200,$A6,Heat_Log!$E$4:$E$200)) | M6: =IF($A6="","",SUMIF(Nuyen_Log!$A$4:$A$200,$A6,Nuyen_Log!$D$4:$D$200)) | N6: =IF($A6="","",$F6+$M6)
G7: =IF($A7="","",SUMIF(Karma_Log!$A$4:$A$200,$A7,Karma_Log!$C$4:$C$200)) | H7: =IF($A7="","",SUMIF(Karma_Log!$A$4:$A$200,$A7,Karma_Log!$D$4:$D$200)) | I7: =IF($A7="","",$G7-$H7) | J7: =IF($A7="","",SUMIF(Heat_Log!$A$4:$A$200,$A7,Heat_Log!$C$4:$C$200)) | K7: =IF($A7="","",SUMIF(Heat_Log!$A$4:$A$200,$A7,Heat_Log!$D$4:$D$200)) | L7: =IF($A7="","",SUMIF(Heat_Log!$A$4:$A$200,$A7,Heat_Log!$E$4:$E$200)) | M7: =IF($A7="","",SUMIF(Nuyen_Log!$A$4:$A$200,$A7,Nuyen_Log!$D$4:$D$200)) | N7: =IF($A7="","",$F7+$M7)
G8: =IF($A8="","",SUMIF(Karma_Log!$A$4:$A$200,$A8,Karma_Log!$C$4:$C$200)) | H8: =IF($A8="","",SUMIF(Karma_Log!$A$4:$A$200,$A8,Karma_Log!$D$4:$D$200)) | I8: =IF($A8="","",$G8-$H8) | J8: =IF($A8="","",SUMIF(Heat_Log!$A$4:$A$200,$A8,Heat_Log!$C$4:$C$200)) | K8: =IF($A8="","",SUMIF(Heat_Log!$A$4:$A$200,$A8,Heat_Log!$D$4:$D$200)) | L8: =IF($A8="","",SUMIF(Heat_Log!$A$4:$A$200,$A8,Heat_Log!$E$4:$E$200)) | M8: =IF($A8="","",SUMIF(Nuyen_Log!$A$4:$A$200,$A8,Nuyen_Log!$D$4:$D$200)) | N8: =IF($A8="","",$F8+$M8)
G9: =IF($A9="","",SUMIF(Karma_Log!$A$4:$A$200,$A9,Karma_Log!$C$4:$C$200)) | H9: =IF($A9="","",SUMIF(Karma_Log!$A$4:$A$200,$A9,Karma_Log!$D$4:$D$200)) | I9: =IF($A9="","",$G9-$H9) | J9: =IF($A9="","",SUMIF(Heat_Log!$A$4:$A$200,$A9,Heat_Log!$C$4:$C$200)) | K9: =IF($A9="","",SUMIF(Heat_Log!$A$4:$A$200,$A9,Heat_Log!$D$4:$D$200)) | L9: =IF($A9="","",SUMIF(Heat_Log!$A$4:$A$200,$A9,Heat_Log!$E$4:$E$200)) | M9: =IF($A9="","",SUMIF(Nuyen_Log!$A$4:$A$200,$A9,Nuyen_Log!$D$4:$D$200)) | N9: =IF($A9="","",$F9+$M9)
G10: =IF($A10="","",SUMIF(Karma_Log!$A$4:$A$200,$A10,Karma_Log!$C$4:$C$200)) | H10: =IF($A10="","",SUMIF(Karma_Log!$A$4:$A$200,$A10,Karma_Log!$D$4:$D$200)) | I10: =IF($A10="","",$G10-$H10) | J10: =IF($A10="","",SUMIF(Heat_Log!$A$4:$A$200,$A10,Heat_Log!$C$4:$C$200)) | K10: =IF($A10="","",SUMIF(Heat_Log!$A$4:$A$200,$A10,Heat_Log!$D$4:$D$200)) | L10: =IF($A10="","",SUMIF(Heat_Log!$A$4:$A$200,$A10,Heat_Log!$E$4:$E$200)) | M10: =IF($A10="","",SUMIF(Nuyen_Log!$A$4:$A$200,$A10,Nuyen_Log!$D$4:$D$200)) | N10: =IF($A10="","",$F10+$M10)
G11: =IF($A11="","",SUMIF(Karma_Log!$A$4:$A$200,$A11,Karma_Log!$C$4:$C$200)) | H11: =IF($A11="","",SUMIF(Karma_Log!$A$4:$A$200,$A11,Karma_Log!$D$4:$D$200)) | I11: =IF($A11="","",$G11-$H11) | J11: =IF($A11="","",SUMIF(Heat_Log!$A$4:$A$200,$A11,Heat_Log!$C$4:$C$200)) | K11: =IF($A11="","",SUMIF(Heat_Log!$A$4:$A$200,$A11,Heat_Log!$D$4:$D$200)) | L11: =IF($A11="","",SUMIF(Heat_Log!$A$4:$A$200,$A11,Heat_Log!$E$4:$E$200)) | M11: =IF($A11="","",SUMIF(Nuyen_Log!$A$4:$A$200,$A11,Nuyen_Log!$D$4:$D$200)) | N11: =IF($A11="","",$F11+$M11)
G12: =IF($A12="","",SUMIF(Karma_Log!$A$4:$A$200,$A12,Karma_Log!$C$4:$C$200)) | H12: =IF($A12="","",SUMIF(Karma_Log!$A$4:$A$200,$A12,Karma_Log!$D$4:$D$200)) | I12: =IF($A12="","",$G12-$H12) | J12: =IF($A12="","",SUMIF(Heat_Log!$A$4:$A$200,$A12,Heat_Log!$C$4:$C$200)) | K12: =IF($A12="","",SUMIF(Heat_Log!$A$4:$A$200,$A12,Heat_Log!$D$4:$D$200)) | L12: =IF($A12="","",SUMIF(Heat_Log!$A$4:$A$200,$A12,Heat_Log!$E$4:$E$200)) | M12: =IF($A12="","",SUMIF(Nuyen_Log!$A$4:$A$200,$A12,Nuyen_Log!$D$4:$D$200)) | N12: =IF($A12="","",$F12+$M12)
G13: =IF($A13="","",SUMIF(Karma_Log!$A$4:$A$200,$A13,Karma_Log!$C$4:$C$200)) | H13: =IF($A13="","",SUMIF(Karma_Log!$A$4:$A$200,$A13,Karma_Log!$D$4:$D$200)) | I13: =IF($A13="","",$G13-$H13) | J13: =IF($A13="","",SUMIF(Heat_Log!$A$4:$A$200,$A13,Heat_Log!$C$4:$C$200)) | K13: =IF($A13="","",SUMIF(Heat_Log!$A$4:$A$200,$A13,Heat_Log!$D$4:$D$200)) | L13: =IF($A13="","",SUMIF(Heat_Log!$A$4:$A$200,$A13,Heat_Log!$E$4:$E$200)) | M13: =IF($A13="","",SUMIF(Nuyen_Log!$A$4:$A$200,$A13,Nuyen_Log!$D$4:$D$200)) | N13: =IF($A13="","",$F13+$M13)
G14: =IF($A14="","",SUMIF(Karma_Log!$A$4:$A$200,$A14,Karma_Log!$C$4:$C$200)) | H14: =IF($A14="","",SUMIF(Karma_Log!$A$4:$A$200,$A14,Karma_Log!$D$4:$D$200)) | I14: =IF($A14="","",$G14-$H14) | J14: =IF($A14="","",SUMIF(Heat_Log!$A$4:$A$200,$A14,Heat_Log!$C$4:$C$200)) | K14: =IF($A14="","",SUMIF(Heat_Log!$A$4:$A$200,$A14,Heat_Log!$D$4:$D$200)) | L14: =IF($A14="","",SUMIF(Heat_Log!$A$4:$A$200,$A14,Heat_Log!$E$4:$E$200)) | M14: =IF($A14="","",SUMIF(Nuyen_Log!$A$4:$A$200,$A14,Nuyen_Log!$D$4:$D$200)) | N14: =IF($A14="","",$F14+$M14)
G15: =IF($A15="","",SUMIF(Karma_Log!$A$4:$A$200,$A15,Karma_Log!$C$4:$C$200)) | H15: =IF($A15="","",SUMIF(Karma_Log!$A$4:$A$200,$A15,Karma_Log!$D$4:$D$200)) | I15: =IF($A15="","",$G15-$H15) | J15: =IF($A15="","",SUMIF(Heat_Log!$A$4:$A$200,$A15,Heat_Log!$C$4:$C$200)) | K15: =IF($A15="","",SUMIF(Heat_Log!$A$4:$A$200,$A15,Heat_Log!$D$4:$D$200)) | L15: =IF($A15="","",SUMIF(Heat_Log!$A$4:$A$200,$A15,Heat_Log!$E$4:$E$200)) | M15: =IF($A15="","",SUMIF(Nuyen_Log!$A$4:$A$200,$A15,Nuyen_Log!$D$4:$D$200)) | N15: =IF($A15="","",$F15+$M15)
G16: =IF($A16="","",SUMIF(Karma_Log!$A$4:$A$200,$A16,Karma_Log!$C$4:$C$200)) | H16: =IF($A16="","",SUMIF(Karma_Log!$A$4:$A$200,$A16,Karma_Log!$D$4:$D$200)) | I16: =IF($A16="","",$G16-$H16) | J16: =IF($A16="","",SUMIF(Heat_Log!$A$4:$A$200,$A16,Heat_Log!$C$4:$C$200)) | K16: =IF($A16="","",SUMIF(Heat_Log!$A$4:$A$200,$A16,Heat_Log!$D$4:$D$200)) | L16: =IF($A16="","",SUMIF(Heat_Log!$A$4:$A$200,$A16,Heat_Log!$E$4:$E$200)) | M16: =IF($A16="","",SUMIF(Nuyen_Log!$A$4:$A$200,$A16,Nuyen_Log!$D$4:$D$200)) | N16: =IF($A16="","",$F16+$M16)
G17: =IF($A17="","",SUMIF(Karma_Log!$A$4:$A$200,$A17,Karma_Log!$C$4:$C$200)) | H17: =IF($A17="","",SUMIF(Karma_Log!$A$4:$A$200,$A17,Karma_Log!$D$4:$D$200)) | I17: =IF($A17="","",$G17-$H17) | J17: =IF($A17="","",SUMIF(Heat_Log!$A$4:$A$200,$A17,Heat_Log!$C$4:$C$200)) | K17: =IF($A17="","",SUMIF(Heat_Log!$A$4:$A$200,$A17,Heat_Log!$D$4:$D$200)) | L17: =IF($A17="","",SUMIF(Heat_Log!$A$4:$A$200,$A17,Heat_Log!$E$4:$E$200)) | M17: =IF($A17="","",SUMIF(Nuyen_Log!$A$4:$A$200,$A17,Nuyen_Log!$D$4:$D$200)) | N17: =IF($A17="","",$F17+$M17)
G18: =IF($A18="","",SUMIF(Karma_Log!$A$4:$A$200,$A18,Karma_Log!$C$4:$C$200)) | H18: =IF($A18="","",SUMIF(Karma_Log!$A$4:$A$200,$A18,Karma_Log!$D$4:$D$200)) | I18: =IF($A18="","",$G18-$H18) | J18: =IF($A18="","",SUMIF(Heat_Log!$A$4:$A$200,$A18,Heat_Log!$C$4:$C$200)) | K18: =IF($A18="","",SUMIF(Heat_Log!$A$4:$A$200,$A18,Heat_Log!$D$4:$D$200)) | L18: =IF($A18="","",SUMIF(Heat_Log!$A$4:$A$200,$A18,Heat_Log!$E$4:$E$200)) | M18: =IF($A18="","",SUMIF(Nuyen_Log!$A$4:$A$200,$A18,Nuyen_Log!$D$4:$D$200)) | N18: =IF($A18="","",$F18+$M18)
... G23: =IF($A23="","",SUMIF(Karma_Log!$A$4:$A$200,$A23,Karma_Log!$C$4:$C$200)) | H23: =IF($A23="","",SUMIF(Karma_Log!$A$4:$A$200,$A23,Karma_Log!$D$4:$D$200)) | I23: =IF($A23="","",$G23-$H23) | J23: =IF($A23="","",SUMIF(Heat_Log!$A$4:$A$200,$A23,Heat_Log!$C$4:$C$200)) | K23: =IF($A23="","",SUMIF(Heat_Log!$A$4:$A$200,$A23,Heat_Log!$D$4:$D$200)) | L23: =IF($A23="","",SUMIF(Heat_Log!$A$4:$A$200,$A23,Heat_Log!$E$4:$E$200)) | M23: =IF($A23="","",SUMIF(Nuyen_Log!$A$4:$A$200,$A23,Nuyen_Log!$D$4:$D$200)) | N23: =IF($A23="","",$F23+$M23)
A26: Notes
A27: Use one row per player character. Leave formula columns intact; they pull from Karma_Log, Heat_Log, and Nuyen_Log.

Sheet Session_Log
A1: Session Log
A3: Session # | B3: Real Date | C3: In-Game Date | D3: Run Name | E3: Summary | F3: Outcome | G3: Karma Awarded | H3: Heat Change | I3: Pay Received | J3: OneNote Page Link | K3: Follow-up Hooks
A4: 0 | B4: 2026-03-13 | C4: 2057-03-18 | D4: Prelude — Kestrel Incident | E4: At the Siberian Wolf, Red, Switch, and Kilmer fought off a Kestrel team searching for a nervous elf who escaped through the restroom window. | F4: All 4 Kestrel operatives killed; bar cleaned up and repaired. | G4: 4 | H4: Low / contained | I4: 0 | K4: Ghost Elf active; Kestrel threat active; Siberian Wolf heat low.
A5: 1 | C5: 2057-05-24 | D5: Double Down | E5: Blackjack coordinates recovery of an intercepted cargo crate from a warehouse stash site in contested Burnout-adjacent territory. | F5: Planned | I5: 2500 | K5: Burnout presence likely; signs of prior interference; possible Kestrel tech involvement.

Sheet Runs
A1: Run Tracker
A3: Run Name | B3: Johnson / Coordinator | C3: Objective | D3: Cargo / Target | E3: Primary Location | F3: Status | G3: Pay Offered | H3: Pay Received | I3: Linked Session # | J3: Faction(s) | K3: OneNote Page Link | L3: Notes
A4: Double Down | B4: Blackjack | C4: Recover intercepted cargo before it changes hands | D4: Large reinforced crate; rumor says advanced weapon, likely Kestrel prototype modular weapon system | E4: Warehouse stash site / alley garage | F4: Active | G4: 2500 | I4: 1 | J4: Burnout Gang; Kestrel Defense Systems | L4: Burnouts intercepted the cargo. Burnout presence likely; possible Kestrel tech involvement.

Sheet NPC_Contacts
A1: NPCs and Contacts
A3: Name | B3: Type | C3: Faction | D3: Connection | E3: Loyalty | F3: Status | G3: First Met Session | H3: Last Seen Session | I3: Known Location | J3: Role / Use | K3: Threat | L3: OneNote Page Link | M3: Notes
A4: Blackjack | B4: Fixer | D4: 3 | E4: 2 | F4: Active | G4: 1 | H4: 1 | I4: Siberian Wolf / local circuit | J4: Run coordinator; Switch contact | M4: Gambling addiction. Roll 1D6 for job quality. +1 when dealing with Switch.
A5: Hubcap | B5: Civilian | F5: Active | G5: 0 | H5: 0 | I5: Siberian Wolf neighborhood | J5: Street info, salvage, odd jobs | M5: Human male, late 60s. Trustworthy comic relief; pays tabs with scavenged goods.
A6: Ghost Elf | B6: Other | C6: Kestrel Defense Systems | F6: Active | G6: 0 | H6: 0 | I6: Unknown | J6: Unknown hunted elf | K6: High | M6: Nervous elf escaped Session 0 through the bathroom window before firefight.
A7: Former Lieutenant | B7: Law Enforcement | C7: Lone Star Security Services | F7: Hostile | I7: Unknown | J7: Switch's enemy; cover-up architect | K7: 3 | M7: Ordered gas deployment at protest; cover-up pinned civilian fatality on Switch.

Sheet Factions
A1: Faction Tracker
A3: Faction | B3: Type | C3: Reputation | D3: Relationship | E3: Threat Level | F3: Key People | G3: Assets | H3: Last Activity | I3: OneNote Page Link | J3: Notes
A4: Kestrel Defense Systems | B4: Corp | D4: Hostile | E4: High | F4: Ghost Elf; unknown captain KIA | G4: Smartgun weapons, tactical systems, combat drones | H4: Session 0 firefight at Siberian Wolf | J4: AA-rated Seattle arms manufacturer. Sent 1 captain + 3 enforcers searching for the elf. Aggressive recovery doctrine.
A5: Burnout Gang | B5: Gang | D5: Uneasy | E5: Moderate | G5: Bikers, light arms, motorcycles | H5: Intercepted cargo and moved it to warehouse stash site | J5: Chaotic opportunists. Adjacent to warehouse; contested territory. Not the permanent owners of the stash site.
A6: Lone Star Security Services | B6: Law Enforcement | D6: Hostile | E6: Moderate | F6: Former Lieutenant | G6: Police procedures, records, former colleagues | H6: Past incident still shadows Switch | J6: Switch was fired and disgraced after a protest gas deployment cover-up and civilian fatality.

Sheet Locations
A1: Location Index
A3: Location | B3: Type | C3: District | D3: Security Level | E3: Primary Use | F3: Related Run | G3: Status | H3: OneNote Page Link | I3: Map Ref | J3: Notes
A4: Siberian Wolf | B4: Dive Bar / Safehouse / Community Hub | C4: Sprawl Edge | D4: Low | E4: Home base; neutral ground; fixer hub | F4: Prelude — Kestrel Incident | G4: Operational | I4: Bar floor + second-floor apartments | J4: Long bar, stage, pool table, back room. Upstairs: 2 small apartments, 1 large apartment, external stairs. Repaired after Session 0 firefight.
A5: Warehouse Stash Site | B5: Warehouse / Alley Garage | C5: Contested sprawl-edge turf | D5: Medium | E5: Temporary stash / dead drop | F5: Double Down | G5: Operational | I5: Warehouse and alley map | J5: Neutral stash point, not permanent gang turf. Office, storage, main floor, workshop, alley access.

Sheet Karma_Log
A1: Karma Log
A3: Character | B3: Session # | C3: Earned | D3: Spent | E3: Reason / Reward | F3: GM Notes
A4: Red | B4: 0 | C4: 4 | D4: 0 | E4: Session 0 survival and first team firefight | F4: Defended the Siberian Wolf against Kestrel.
A5: Switch | B5: 0 | C5: 4 | D5: 0 | E5: Session 0 survival and first team firefight | F5: Defended the Siberian Wolf against Kestrel.
A6: Kilmer | B6: 0 | C6: 4 | D6: 0 | E6: Session 0 survival and first team firefight | F6: First time running the shadows; defended the Wolf.

Sheet Heat_Log
A1: Heat / Reputation Log
A3: Character | B3: Session # | C3: Street Cred Delta | D3: Notoriety Delta | E3: Public Awareness Delta | F3: Reason | G3: GM Notes
A4: Red | B4: 0 | C4: 1 | D4: 1 | E4: 0 | F4: Killed Kestrel team at Siberian Wolf | G4: Street Cred +1, Notoriety +1.
A5: Switch | B5: 0 | C5: 1 | D5: 1 | E5: 0 | F5: Killed Kestrel team at Siberian Wolf | G5: Street Cred +1, Notoriety +1.
A6: Kilmer | B6: 0 | C6: 1 | D6: 1 | E6: 0 | F6: Killed Kestrel team at Siberian Wolf | G6: Street Cred +1, Notoriety +1.

Sheet Nuyen_Log
A1: Nuyen Log
A3: Character | B3: Session # | C3: Type | D3: Amount (+/-) | E3: Source / Spend | F3: Related Run | G3: Notes

Sheet Gear_Loot
A1: Gear and Loot Tracker
A3: Session # | B3: Item | C3: Type | D3: Owner / Holder | E3: Value | F3: Status | G3: Linked Run | H3: OneNote Page Link | I3: Notes
A4: 1 | B4: Large Reinforced Crate | C4: Cargo | D4: Unknown / Burnout stash | F4: Stored | G4: Double Down | I4: Rumored to contain advanced weaponry; likely Kestrel prototype modular weapon system.
A5: 0 | B5: 2 Commlinks | C5: Salvage | D5: Red / Siberian Wolf | F5: Stored | G5: Prelude — Kestrel Incident | I5: Hubcap paid his tab with two commlinks before the Kestrel incident.

Sheet Lists
A1: Human | B1: Fixer | C1: Active | D1: Planned | E1: Corp | F1: Friendly | G1: Low | H1: Operational | I1: Stored
A2: Elf | B2: Johnson | C2: Missing | D2: Active | E2: Gang | F2: Neutral | G2: Medium | H2: Burned | I2: Sold
A3: Dwarf | B3: Gang | C3: Dead | D3: Complete | E3: Fixer Network | F3: Uneasy | G3: High | H3: Abandoned | I3: Consumed
A4: Ork | B4: Corp | C4: Hostile | D4: Compromised | E4: Government | F4: Hostile | G4: Severe | H4: Watched | I4: Destroyed
A5: Troll | B5: Law Enforcement | C5: Dormant | D5: Failed | E5: Syndicate | F5: Unknown | H5: Unknown | I5: Returned
A6: Other | B6: Civilian | C6: Unknown | E6: Other
B7: Other
